{"cameraMode":{"drawMode":0,"name":"Shaded","section":"Shading Mode"},"sceneLighting":false,"audioPlay":false,"sceneViewState":{"showFog":true,"showMaterialUpdate":false,"showSkybox":false,"showFlares":true,"showImageEffects":true,"showParticleSystems":true},"in2DMode":false,"pivot":{"x":147.4673309326172,"y":238.99172973632813,"z":185.9597930908203},"rotation":{"x":0.007184985559433699,"y":0.03808682784438133,"z":0.00027373761986382306,"w":-0.9992488622665405},"size":695.6762084960938,"orthographic":false}