{"cameraMode":{"drawMode":0,"name":"Shaded","section":"Shading Mode"},"sceneLighting":true,"audioPlay":false,"sceneViewState":{"showFog":true,"showMaterialUpdate":true,"showSkybox":true,"showFlares":true,"showImageEffects":true,"showParticleSystems":true},"in2DMode":false,"pivot":{"x":2.2209222316741945,"y":-2.40793514251709,"z":6.463781833648682},"rotation":{"x":-0.2403951734304428,"y":-0.6642105579376221,"z":0.23963208496570588,"w":-0.6660413146018982},"size":37.27895736694336,"orthographic":false}