{"cameraMode":{"drawMode":0,"name":"Shaded","section":"Shading Mode"},"sceneLighting":false,"audioPlay":false,"sceneViewState":{"showFog":true,"showMaterialUpdate":false,"showSkybox":true,"showFlares":true,"showImageEffects":true,"showParticleSystems":true},"in2DMode":false,"pivot":{"x":264.86492919921877,"y":904.06005859375,"z":0.0},"rotation":{"x":0.0009802128188312054,"y":0.9439736604690552,"z":-0.3300073742866516,"w":0.002817879430949688},"size":770.5498657226563,"orthographic":false}