{"cameraMode":{"drawMode":0,"name":"Shaded","section":"Shading Mode"},"sceneLighting":false,"audioPlay":false,"sceneViewState":{"showFog":true,"showMaterialUpdate":false,"showSkybox":true,"showFlares":true,"showImageEffects":true,"showParticleSystems":true},"in2DMode":false,"pivot":{"x":-5.619996070861816,"y":-0.2061138153076172,"z":2.6834332942962648},"rotation":{"x":0.11256659775972367,"y":-0.8450493216514587,"z":0.19635732471942902,"w":0.4844215214252472},"size":3.9097297191619875,"orthographic":false}