{"cameraMode":{"drawMode":0,"name":"Shaded","section":"Shading Mode"},"sceneLighting":false,"audioPlay":false,"sceneViewState":{"showFog":true,"showMaterialUpdate":false,"showSkybox":true,"showFlares":true,"showImageEffects":true,"showParticleSystems":true},"in2DMode":false,"pivot":{"x":887.1605224609375,"y":689.155029296875,"z":680.7273559570313},"rotation":{"x":-0.07223616540431977,"y":0.017051221802830697,"z":-0.0012351409532129765,"w":-0.9972410798072815},"size":22.0,"orthographic":false}