{"cameraMode":{"drawMode":0,"name":"Shaded","section":"Shading Mode"},"sceneLighting":false,"audioPlay":false,"sceneViewState":{"showFog":true,"showMaterialUpdate":false,"showSkybox":true,"showFlares":true,"showImageEffects":true,"showParticleSystems":true},"in2DMode":false,"pivot":{"x":-18.720626831054689,"y":-7.60546875,"z":0.23616789281368257},"rotation":{"x":-0.16369037330150605,"y":0.7734736800193787,"z":-0.22183841466903687,"w":-0.57072913646698},"size":34.65932083129883,"orthographic":false}