{"cameraMode":{"drawMode":0,"name":"Shaded","section":"Shading Mode"},"sceneLighting":false,"audioPlay":false,"sceneViewState":{"showFog":true,"showMaterialUpdate":false,"showSkybox":true,"showFlares":true,"showImageEffects":true,"showParticleSystems":true},"in2DMode":false,"pivot":{"x":0.1459999978542328,"y":0.4399999976158142,"z":-0.5400000214576721},"rotation":{"x":-0.054173748940229419,"y":0.06345964968204498,"z":-0.003449894953519106,"w":-0.9965069890022278},"size":1.1640428304672242,"orthographic":false}